Sequence	Modifications (light)	KO/WT	Protein Group Accessions	Protein name
AGISTNPKNQK	N-Term(Dimethyl); K8(Succinyl); K11(Dimethyl)	1.47	102468565	thioredoxin reductase 2, mitochondrial precursor [Mus musculus]
FAGLHFFNPVPMMKLVEVIK	N-Term(Dimethyl); K14(Succinyl); K20(Dimethyl)	1.07	111038118	hydroxyacyl-coenzyme A dehydrogenase, mitochondrial precursor [Mus musculus]
GDASKEDIDTAMK	N-Term(Dimethyl); K5(Succinyl); K13(Dimethyl)	1.33	111038118	hydroxyacyl-coenzyme A dehydrogenase, mitochondrial precursor [Mus musculus]
VAASSAKMGLVETK	N-Term(Dimethyl); K7(Succinyl); K14(Dimethyl)	4.70	116268115	methylglutaconyl-CoA hydratase, mitochondrial precursor [Mus musculus]
ALGFPLERPKSMSTDGLMK	N-Term(Dimethyl); K10(Succinyl); K19(Dimethyl)	57.68	13385942	citrate synthase, mitochondrial precursor [Mus musculus]
GMKGLVYETSVLDPDEGIR	N-Term(Dimethyl); K3(Succinyl)	19.67	13385942	citrate synthase, mitochondrial precursor [Mus musculus]
HLPKDPMFK	N-Term(Dimethyl); K4(Succinyl); K9(Dimethyl)	7.31	13385942	citrate synthase, mitochondrial precursor [Mus musculus]
SNIKAAWGK	N-Term(Dimethyl); K4(Succinyl); K9(Dimethyl)	0.43	145301578	hemoglobin subunit alpha [Mus musculus]
GVTEAHVDQKNK	N-Term(Dimethyl); K10(Succinyl); K12(Dimethyl)	6.25	149274887	PREDICTED: ES1 protein homolog, mitochondrial-like isoform 2 [Mus musculus]
YLSAQKPLLNDSQFR	N-Term(Dimethyl); K6(Succinyl)	1.14	162138915	carnitine O-palmitoyltransferase 2, mitochondrial precursor [Mus musculus]
AQFEGIVTDLIKR	N-Term(Dimethyl); K12(Succinyl)	1.59	162461907	stress-70 protein, mitochondrial [Mus musculus]
ETGVDLTKDNMALQR	N-Term(Dimethyl); K8(Succinyl)	0.93	162461907	stress-70 protein, mitochondrial [Mus musculus]
QATKDAGQISGLNVLR	N-Term(Dimethyl); K4(Succinyl)	2.31	162461907	stress-70 protein, mitochondrial [Mus musculus]
FDQKGDVYKAQIMNVSWSADHR	N-Term(Dimethyl); K4(Dimethyl); K9(Succinyl)	1.40	170172520	lipoamide acyltransferase component of branched-chain alpha-keto acid dehydrogenase complex, mitochondrial [Mus musculus]
FKLEAPDADELPR	N-Term(Dimethyl); K2(Succinyl)	3.43	18079339	aconitate hydratase, mitochondrial precursor [Mus musculus]
FNPETDFLTGKDGK	N-Term(Dimethyl); K11(Succinyl); K14(Dimethyl)	3.89	18079339	aconitate hydratase, mitochondrial precursor [Mus musculus]
FNPETDFLTGKDGKK	N-Term(Dimethyl); K11(Succinyl); K14(Dimethyl); K15(Dimethyl)	3.66	18079339	aconitate hydratase, mitochondrial precursor [Mus musculus]
KFKLEAPDADELPR	N-Term(Dimethyl); K1(Dimethyl); K3(Succinyl)	3.45	18079339	aconitate hydratase, mitochondrial precursor [Mus musculus]
LTIQGLKDFAPGKPLK	N-Term(Dimethyl); K7(Succinyl); K13(Dimethyl); K16(Dimethyl)	3.41	18079339	aconitate hydratase, mitochondrial precursor [Mus musculus]
SAAVAKQALAHGLK	N-Term(Dimethyl); K6(Succinyl); K14(Dimethyl)	3.97	18079339	aconitate hydratase, mitochondrial precursor [Mus musculus]
YDLLEKNINIVR	N-Term(Dimethyl); K6(Succinyl)	1.89	18079339	aconitate hydratase, mitochondrial precursor [Mus musculus]
DIIFAVKK	N-Term(Dimethyl); K7(Succinyl); K8(Dimethyl)	2.16	18152793	pyruvate dehydrogenase E1 component subunit beta, mitochondrial precursor [Mus musculus]
GPLKTPIAAGHPSMNLLLR	N-Term(Dimethyl); K4(Succinyl)	1.85	18250284	isocitrate dehydrogenase [NAD] subunit alpha, mitochondrial precursor [Mus musculus]
IFDAAKAPIQWEER	N-Term(Dimethyl); K6(Succinyl)	2.33	18250284	isocitrate dehydrogenase [NAD] subunit alpha, mitochondrial precursor [Mus musculus]
MGLKGPLKTPIAAGHPSMNLLLR	N-Term(Dimethyl); K4(Dimethyl); K8(Succinyl)	1.80	18250284	isocitrate dehydrogenase [NAD] subunit alpha, mitochondrial precursor [Mus musculus]
MGLKGPLKTPIAAGHPSMNLLLR	N-Term(Dimethyl); M1(Oxidation); K8(Succinyl); K4(Dimethyl)	3.39	18250284	isocitrate dehydrogenase [NAD] subunit alpha, mitochondrial precursor [Mus musculus]
ALKIPAMTIAK	N-Term(Dimethyl); K3(Succinyl); K11(Dimethyl)	2.76	183396771	60 kDa heat shock protein, mitochondrial [Mus musculus]
QASLKDYEETIGK	N-Term(Dimethyl); K5(Succinyl); K13(Dimethyl)	1.39	188035915	alpha-aminoadipic semialdehyde dehydrogenase isoform b [Mus musculus]
KLDQVEKELLR	N-Term(Dimethyl); K1(Dimethyl); K7(Succinyl)	1.72	20070412	ATP synthase subunit O, mitochondrial precursor [Mus musculus]
TVLKSFLSPNQILK	N-Term(Dimethyl); K4(Succinyl); K14(Dimethyl)	3.60	20070412	ATP synthase subunit O, mitochondrial precursor [Mus musculus]
HKDAFLKK	N-Term(Dimethyl); K2(Succinyl); K7(Dimethyl); K8(Dimethyl)	3.39	21313536	dihydrolipoyllysine-residue succinyltransferase component of 2-oxoglutarate dehydrogenase complex, mitochondrial [Mus musculus]
HNLKLGFMSAFVK	N-Term(Dimethyl); K4(Succinyl); K13(Dimethyl)	0.96	21313536	dihydrolipoyllysine-residue succinyltransferase component of 2-oxoglutarate dehydrogenase complex, mitochondrial [Mus musculus]
KHNLKLGFMSAFVK	K1(Succinyl); N-Term(Dimethyl); K5(Dimethyl); K14(Dimethyl)	0.61	21313536	dihydrolipoyllysine-residue succinyltransferase component of 2-oxoglutarate dehydrogenase complex, mitochondrial [Mus musculus]
AIGNALKSWNETFHAR	N-Term(Dimethyl); K7(Succinyl)	1.65	21313679	ATP synthase subunit d, mitochondrial [Mus musculus]
ANVAKPGLVDDFEK	N-Term(Dimethyl); K5(Succinyl); K14(Dimethyl)	1.86	21313679	ATP synthase subunit d, mitochondrial [Mus musculus]
ANVAKPGLVDDFEKK	N-Term(Dimethyl); K5(Succinyl); K14(Dimethyl); K15(Dimethyl)	7.27	21313679	ATP synthase subunit d, mitochondrial [Mus musculus]
LASLSEKPPAIDWAYYR	N-Term(Dimethyl); K7(Succinyl)	2.31	21313679	ATP synthase subunit d, mitochondrial [Mus musculus]
GATPYGGVKLEDLIVK	N-Term(Dimethyl); K9(Succinyl); K16(Dimethyl)	107.12	21450129	acetyl-CoA acetyltransferase, mitochondrial precursor [Mus musculus]
GKPDVVVK	N-Term(Dimethyl); K2(Succinyl); K8(Dimethyl)	3.60	21450129	acetyl-CoA acetyltransferase, mitochondrial precursor [Mus musculus]
TVPYADPDHASLKILAR	N-Term(Dimethyl); K13(Succinyl)	1.20	21699068	presequence protease, mitochondrial precursor [Mus musculus]
IPFLLSGTSYKDLMPHDLAR	N-Term(Dimethyl); K11(Succinyl)	7.03	21704100	trifunctional enzyme subunit beta, mitochondrial precursor [Mus musculus]
SGLDPKLLAK	N-Term(Dimethyl); K6(Succinyl); K10(Dimethyl)	1.44	21704140	trifunctional enzyme subunit beta, mitochondrial precursor [Mus musculus]
SLWPQIKGR	N-Term(Dimethyl); K7(Succinyl)	3.26	225543103	delta-1-pyrroline-5-carboxylate dehydrogenase, mitochondrial precursor [Mus musculus]
AGTFKLVFTPK	N-Term(Dimethyl); K5(Succinyl); K11(Dimethyl)	1.16	225579033	isocitrate dehydrogenase [NADP], mitochondrial precursor [Mus musculus]
DQTNDQVTIDSALATQKYSVAVK	N-Term(Dimethyl); K17(Succinyl); K23(Dimethyl)	1.02	225579033	isocitrate dehydrogenase [NADP], mitochondrial precursor [Mus musculus]
EKLILPHVDVQLK	N-Term(Dimethyl); K2(Succinyl); K13(Dimethyl)	1.43	225579033	isocitrate dehydrogenase [NADP], mitochondrial precursor [Mus musculus]
FKDIFQEIFDK	N-Term(Dimethyl); K2(Succinyl); K11(Dimethyl)	0.95	225579033	isocitrate dehydrogenase [NADP], mitochondrial precursor [Mus musculus]
FKDIFQEIFDKHYK	N-Term(Dimethyl); K2(Succinyl); K11(Dimethyl); K14(Dimethyl)	0.94	225579033	isocitrate dehydrogenase [NADP], mitochondrial precursor [Mus musculus]
GKLDGNQDLIR	N-Term(Dimethyl); K2(Succinyl)	1.36	225579033	isocitrate dehydrogenase [NADP], mitochondrial precursor [Mus musculus]
HAHGDQYKATDFVVDR	N-Term(Dimethyl); K8(Succinyl)	1.32	225579033	isocitrate dehydrogenase [NADP], mitochondrial precursor [Mus musculus]
IIWQFIKEK	N-Term(Dimethyl); K7(Succinyl); K9(Dimethyl)	2.46	225579033	isocitrate dehydrogenase [NADP], mitochondrial precursor [Mus musculus]
LILPHVDVQLKYFDLGLPNR	N-Term(Dimethyl); K11(Succinyl)	1.12	225579033	isocitrate dehydrogenase [NADP], mitochondrial precursor [Mus musculus]
LNEHFLNTTDFLDTIKSNLDR	N-Term(Dimethyl); K16(Succinyl)	1.21	225579033	isocitrate dehydrogenase [NADP], mitochondrial precursor [Mus musculus]
LVFTPKDGSSAK	N-Term(Dimethyl); K6(Succinyl); K12(Dimethyl)	0.94	225579033	isocitrate dehydrogenase [NADP], mitochondrial precursor [Mus musculus]
LVPGWTKPITIGR	N-Term(Dimethyl); K7(Succinyl)	1.27	225579033	isocitrate dehydrogenase [NADP], mitochondrial precursor [Mus musculus]
NTILKAYDGR	N-Term(Dimethyl); K5(Succinyl)	0.96	225579033	isocitrate dehydrogenase [NADP], mitochondrial precursor [Mus musculus]
AAAEVNQEYGLDPKIASAIMK	N-Term(Dimethyl); K14(Succinyl); K21(Dimethyl)	9.45	226823367	fumarate hydratase, mitochondrial precursor [Mus musculus]
AIEMLGGELGSKKPVHPNDHVNK	N-Term(Dimethyl); K12(Succinyl); K13(Dimethyl); K23(Dimethyl)	0.78	226823367	fumarate hydratase, mitochondrial precursor [Mus musculus]
IASAIMKAADEVAEGK	N-Term(Dimethyl); K7(Succinyl); K16(Dimethyl)	0.71	226823367	fumarate hydratase, mitochondrial precursor [Mus musculus]
RAAAEVNQEYGLDPKIASAIMK	N-Term(Dimethyl); K15(Succinyl); K22(Dimethyl)	1.63	226823367	fumarate hydratase, mitochondrial precursor [Mus musculus]
SKEFAQVIK	N-Term(Dimethyl); K2(Succinyl); K9(Dimethyl)	1.70	226823367	fumarate hydratase, mitochondrial precursor [Mus musculus]
STMNFKIGGATER	N-Term(Dimethyl); K6(Succinyl)	1.83	226823367	fumarate hydratase, mitochondrial precursor [Mus musculus]
VLVAQHDAYKGLLPEELTPLILETQK	N-Term(Dimethyl); K10(Succinyl); K26(Dimethyl)	2.68	227500281	electron transfer flavoprotein subunit alpha, mitochondrial [Mus musculus]
SALRDEKGALFR	N-Term(Dimethyl); K7(Succinyl)	17.05	238624114	acyl-coenzyme A thioesterase 2, mitochondrial precursor [Mus musculus]
AQAVHPGYGFLSENKEFAK	N-Term(Dimethyl); K15(Succinyl); K19(Dimethyl)	1.62	254540162	propionyl-CoA carboxylase alpha chain, mitochondrial precursor [Mus musculus]
THPETLDKFDKFK	N-Term(Dimethyl); K8(Succinyl); K11(Dimethyl); K13(Dimethyl)	1.26	255708423	myoglobin [Mus musculus]
NFAAELAPKNIR	N-Term(Dimethyl); K9(Succinyl)	1.20	256220343	dehydrogenase/reductase SDR family member 4 isoform 1 [Mus musculus]
GKISVNDFIIK	N-Term(Dimethyl); K2(Succinyl); K11(Dimethyl)	1.14	257796245	dihydrolipoyllysine-residue acetyltransferase component of pyruvate dehydrogenase complex, mitochondrial [Mus musculus]
FGTKFGLDLK	N-Term(Dimethyl); K4(Succinyl); K10(Dimethyl)	3.67	29126205	3-ketoacyl-CoA thiolase, mitochondrial [Mus musculus]
GVFIVAAKR	N-Term(Dimethyl); K8(Succinyl)	1.61	29126205	3-ketoacyl-CoA thiolase, mitochondrial [Mus musculus]
VLDSGAPIKIPVGPETLGR	N-Term(Dimethyl); K9(Succinyl)	4.24	31980648	ATP synthase subunit beta, mitochondrial precursor [Mus musculus]
VELVPPTPAEIPTAIQSVKK	N-Term(Dimethyl); K19(Succinyl); K20(Dimethyl)	1.31	31980744	ATP synthase subunit g, mitochondrial [Mus musculus]
DFGSFEKFK	N-Term(Dimethyl); K7(Succinyl); K9(Dimethyl)	4.13	31980762	superoxide dismutase [Mn], mitochondrial precursor [Mus musculus]
GELLEAIKR	N-Term(Dimethyl); K8(Succinyl)	1.19	31980762	superoxide dismutase [Mn], mitochondrial precursor [Mus musculus]
GGGEPKGELLEAIKR	N-Term(Dimethyl); K6(Succinyl); K14(Dimethyl)	3.84	31980762	superoxide dismutase [Mn], mitochondrial precursor [Mus musculus]
HHAAYVNNLNATEEKYHEALAK	N-Term(Dimethyl); K15(Succinyl); K22(Dimethyl)	0.39	31980762	superoxide dismutase [Mn], mitochondrial precursor [Mus musculus]
YHEALAKGDVTTQVALQPALK	N-Term(Dimethyl); K7(Succinyl); K21(Dimethyl)	1.53	31980762	superoxide dismutase [Mn], mitochondrial precursor [Mus musculus]
SVMTKWLAIPDHSR	N-Term(Dimethyl); K5(Succinyl)	1.43	31981810	enoyl-CoA delta isomerase 1, mitochondrial precursor [Mus musculus]
VGVVDEVVPEDQVHSKAR	N-Term(Dimethyl); K16(Succinyl)	1.31	31981810	enoyl-CoA delta isomerase 1, mitochondrial precursor [Mus musculus]
ANTFVAELKGLDPAR	N-Term(Dimethyl); K9(Succinyl)	1.53	31982186	malate dehydrogenase, mitochondrial precursor [Mus musculus]
ASIKKGEDFVK	N-Term(Dimethyl); K4(Acetyl); K5(Succinyl); K11(Dimethyl)	1.74	31982186	malate dehydrogenase, mitochondrial precursor [Mus musculus]
GLEKNLGIGK	N-Term(Dimethyl); K4(Succinyl); K10(Dimethyl)	1.58	31982186	malate dehydrogenase, mitochondrial precursor [Mus musculus]
MIAEAIPELKASIK	N-Term(Dimethyl); K10(Succinyl); K14(Dimethyl)	3.91	31982186	malate dehydrogenase, mitochondrial precursor [Mus musculus]
VVAGVAAALAHKYH	N-Term(Dimethyl); K12(Succinyl)	0.41	31982300	hemoglobin subunit beta-1 [Mus musculus]
AGKQGLLGINIAEK	N-Term(Dimethyl); K3(Succinyl); K14(Dimethyl)	1.47	31982520	long-chain specific acyl-CoA dehydrogenase, mitochondrial precursor [Mus musculus]
KFFQEEVIPHHTEWEKAGEVSR	N-Term(Dimethyl); K1(Dimethyl); K16(Succinyl)	3.03	31982520	long-chain specific acyl-CoA dehydrogenase, mitochondrial precursor [Mus musculus]
ENLLGEPGMGFKIAMQTLDMGR	N-Term(Dimethyl); K12(Succinyl)	1.70	31982522	short-chain specific acyl-CoA dehydrogenase, mitochondrial precursor [Mus musculus]
ALLNNSHYYHMAHGKDFASR	N-Term(Dimethyl); K15(Succinyl)	9.85	31982856	dihydrolipoyl dehydrogenase, mitochondrial precursor [Mus musculus]
ALTGGIAHLFKQNK	N-Term(Dimethyl); K11(Succinyl); K14(Dimethyl)	2.26	31982856	dihydrolipoyl dehydrogenase, mitochondrial precursor [Mus musculus]
HSAVKALTGGIAHLFK	N-Term(Dimethyl); K5(Succinyl); K16(Dimethyl)	5.14	31982856	dihydrolipoyl dehydrogenase, mitochondrial precursor [Mus musculus]
RPFTQNLGLEELGIELDPKGR	N-Term(Dimethyl); K19(Succinyl)	1.30	31982856	dihydrolipoyl dehydrogenase, mitochondrial precursor [Mus musculus]
SEEQLKEEGIEFK	N-Term(Dimethyl); K6(Succinyl); K13(Dimethyl)	7.85	31982856	dihydrolipoyl dehydrogenase, mitochondrial precursor [Mus musculus]
GQQQVFKGLNDK	N-Term(Dimethyl); K7(Succinyl); K12(Dimethyl)	522.60	33859811	trifunctional enzyme subunit alpha, mitochondrial precursor [Mus musculus]
TSKDTTASAVAVGLR	N-Term(Dimethyl); K3(Succinyl)	2.76	33859811	trifunctional enzyme subunit alpha, mitochondrial precursor [Mus musculus]
EKVDLLFLGK	N-Term(Dimethyl); K2(Succinyl); K10(Dimethyl)	2.22	38142460	electron transfer flavoprotein subunit beta [Mus musculus]
LAEKEKVDLLFLGK	N-Term(Dimethyl); K4(Succinyl); K6(Dimethyl); K14(Dimethyl)	2.09	38142460	electron transfer flavoprotein subunit beta [Mus musculus]
ISQLYGDLKHLK	N-Term(Dimethyl); K9(Succinyl); K12(Dimethyl)	1.46	54607098	succinate dehydrogenase [ubiquinone] flavoprotein subunit, mitochondrial precursor [Mus musculus]
GLVAVVTGGASGLGLATAKR	N-Term(Dimethyl); K19(Succinyl)	1.34	61888838	3-hydroxyacyl-CoA dehydrogenase type-2 [Mus musculus]
ADQLYKQK	N-Term(Dimethyl); K6(Succinyl); K8(Dimethyl)	8.18	6679261	pyruvate dehydrogenase E1 component subunit alpha, somatic form, mitochondrial precursor [Mus musculus]
MVNSNLASVEELKEIDVEVRK	N-Term(Dimethyl); K13(Succinyl); K21(Dimethyl)	1.90	6679261	pyruvate dehydrogenase E1 component subunit alpha, somatic form, mitochondrial precursor [Mus musculus]
SDPIMLLKDR	N-Term(Dimethyl); K8(Succinyl)	1.84	6679261	pyruvate dehydrogenase E1 component subunit alpha, somatic form, mitochondrial precursor [Mus musculus]
ISGASEKDIVHSGLAYTMER	N-Term(Dimethyl); K7(Succinyl)	2.45	6680027	glutamate dehydrogenase 1, mitochondrial precursor [Mus musculus]
AFTGFIVEADTPGIHIGKK	N-Term(Dimethyl); K18(Succinyl); K19(Dimethyl)	3.65	6680618	medium-chain specific acyl-CoA dehydrogenase, mitochondrial precursor [Mus musculus]
GIAFEDVRVPKENVLIGEGAGFK	N-Term(Dimethyl); K11(Succinyl); K23(Dimethyl)	7.61	6680618	medium-chain specific acyl-CoA dehydrogenase, mitochondrial precursor [Mus musculus]
SGEYPFPLIKR	N-Term(Dimethyl); K10(Succinyl)	1.55	6680618	medium-chain specific acyl-CoA dehydrogenase, mitochondrial precursor [Mus musculus]
VPASKAFTGFIVEADTPGIHIGK	N-Term(Dimethyl); K5(Succinyl); K23(Dimethyl)	1.36	6680618	medium-chain specific acyl-CoA dehydrogenase, mitochondrial precursor [Mus musculus]
ELSLDDFKGK	N-Term(Dimethyl); K8(Succinyl); K10(Dimethyl)	1.25	6680690	thioredoxin-dependent peroxide reductase, mitochondrial precursor [Mus musculus]
ADLIAYLKK	N-Term(Dimethyl); K8(Succinyl); K9(Dimethyl)	1.73	6681095	cytochrome c, somatic [Mus musculus]
QVASMTKPTTIIEK	N-Term(Dimethyl); K7(Succinyl); K14(Dimethyl)	1.45	6753810	fatty acid-binding protein, heart [Mus musculus]
DDNGKPYVLPSVR	N-Term(Dimethyl); K5(Succinyl)	1.24	6754036	aspartate aminotransferase, mitochondrial [Mus musculus]
DVFLPKPSWGNHTPIFR	N-Term(Dimethyl); K6(Succinyl); N11(Deamidated)	29.52	6754036	aspartate aminotransferase, mitochondrial [Mus musculus]
EFSVYMTKDGR	N-Term(Dimethyl); K8(Succinyl)	1.21	6754036	aspartate aminotransferase, mitochondrial [Mus musculus]
ISVAGVTSGNVGYLAHAIHQVTK	N-Term(Dimethyl); K23(Succinyl)	1.15	6754036	aspartate aminotransferase, mitochondrial [Mus musculus]
KMNLGVGAYRDDNGKPYVLPSVR	N-Term(Dimethyl); K1(Dimethyl); K15(Succinyl)	1.03	6754036	aspartate aminotransferase, mitochondrial [Mus musculus]
KQWLQEVKGMADR	N-Term(Dimethyl); K1(Dimethyl); K8(Succinyl)	1.12	6754036	aspartate aminotransferase, mitochondrial [Mus musculus]
LTKEFSVYMTK	N-Term(Dimethyl); K3(Succinyl); K11(Dimethyl)	1.25	6754036	aspartate aminotransferase, mitochondrial [Mus musculus]
LTKEFSVYMTKDGR	N-Term(Dimethyl); K3(Dimethyl); K11(Succinyl)	1.30	6754036	aspartate aminotransferase, mitochondrial [Mus musculus]
TQLVSNLKK	N-Term(Dimethyl); K8(Succinyl); K9(Dimethyl)	1.64	6754036	aspartate aminotransferase, mitochondrial [Mus musculus]
VNLAELFKGK	N-Term(Dimethyl); K8(Succinyl); K10(Dimethyl)	2.16	6755114	peroxiredoxin-5, mitochondrial precursor [Mus musculus]
IWNSSLQSNKEPVGILTSNHR	N-Term(Dimethyl); K10(Succinyl)	1.39	85662408	carnitine O-acetyltransferase [Mus musculus]
MAHYLEKALLDMR	N-Term(Dimethyl); K7(Succinyl)	1.16	85662408	carnitine O-acetyltransferase [Mus musculus]
NTWAKAYNNLIKDK	N-Term(Dimethyl); K5(Succinyl); K12(Dimethyl); K14(Dimethyl)	1.52	85662408	carnitine O-acetyltransferase [Mus musculus]
AQEIDQTNDFKNLR	N-Term(Dimethyl); K11(Succinyl)	1.53	9789985	isovaleryl-CoA dehydrogenase, mitochondrial precursor [Mus musculus]
